rank_test_score,mean_test_score,std_test_score,params
1,0.6132264017807991,0.016963378959191942,"{'model__min_samples_split': 2, 'model__min_samples_leaf': 2, 'model__max_depth': 5, 'model__criterion': 'gini'}"
2,0.607221586416399,0.021639041431141443,"{'model__min_samples_split': 2, 'model__min_samples_leaf': 10, 'model__max_depth': 7, 'model__criterion': 'entropy'}"
3,0.5991232086449433,0.013188163151177481,"{'model__min_samples_split': 2, 'model__min_samples_leaf': 5, 'model__max_depth': 7, 'model__criterion': 'entropy'}"
4,0.5887857026066345,0.012348811185538698,"{'model__min_samples_split': 20, 'model__min_samples_leaf': 1, 'model__max_depth': 5, 'model__criterion': 'entropy'}"
5,0.587068671246586,0.022727514003364174,"{'model__min_samples_split': 5, 'model__min_samples_leaf': 2, 'model__max_depth': 7, 'model__criterion': 'gini'}"
6,0.5666492520852497,0.013068410626195185,"{'model__min_samples_split': 5, 'model__min_samples_leaf': 10, 'model__max_depth': 20, 'model__criterion': 'entropy'}"
7,0.5632113874862235,0.015834506218338058,"{'model__min_samples_split': 10, 'model__min_samples_leaf': 2, 'model__max_depth': 3, 'model__criterion': 'gini'}"
7,0.5632113874862235,0.015834506218338058,"{'model__min_samples_split': 5, 'model__min_samples_leaf': 5, 'model__max_depth': 3, 'model__criterion': 'gini'}"
9,0.5543819138043136,0.02404660464295665,"{'model__min_samples_split': 5, 'model__min_samples_leaf': 10, 'model__max_depth': 15, 'model__criterion': 'gini'}"
9,0.5543819138043136,0.02404660464295665,"{'model__min_samples_split': 10, 'model__min_samples_leaf': 10, 'model__max_depth': 20, 'model__criterion': 'gini'}"
9,0.5543819138043136,0.02404660464295665,"{'model__min_samples_split': 5, 'model__min_samples_leaf': 10, 'model__max_depth': 20, 'model__criterion': 'gini'}"
12,0.5014575995887057,0.019361832587684633,"{'model__min_samples_split': 5, 'model__min_samples_leaf': 5, 'model__max_depth': 20, 'model__criterion': 'gini'}"
13,0.4829146944293387,0.012909780563509322,"{'model__min_samples_split': 10, 'model__min_samples_leaf': 2, 'model__max_depth': 15, 'model__criterion': 'entropy'}"
14,0.47426326502091387,0.020715968919588976,"{'model__min_samples_split': 10, 'model__min_samples_leaf': 2, 'model__max_depth': 15, 'model__criterion': 'gini'}"
15,0.42001064493439744,0.021901260329963396,"{'model__min_samples_split': 2, 'model__min_samples_leaf': 2, 'model__max_depth': 20, 'model__criterion': 'gini'}"
