threshold,precision,recall,f1,tp,tn,fp,fn,customers_flagged
0.2,0.4557,0.8663,0.5972,324,648,387,50,711
0.25,0.5041,0.8289,0.6269,310,730,305,64,615
0.3,0.5316,0.7861,0.6343,294,776,259,80,553
0.35,0.5572,0.7032,0.6217,263,826,209,111,472
0.4,0.602,0.639,0.62,239,877,158,135,397
0.45,0.6313,0.5722,0.6003,214,910,125,160,339
0.5,0.6866,0.492,0.5732,184,951,84,190,268
0.55,0.7109,0.4011,0.5128,150,974,61,224,211
0.6,0.7452,0.3128,0.4407,117,995,40,257,157
0.65,0.7759,0.2406,0.3673,90,1009,26,284,116
0.7,0.8,0.1818,0.2963,68,1018,17,306,85
